scenario,farm_type,number_of_farms,burden_of_amr_at_farm_level_median,burden_of_amr_at_farm_level_5pctile,burden_of_amr_at_farm_level_95pctile,burden_of_amr_at_pop_level_median,burden_of_amr_at_pop_level_5pctile,burden_of_amr_at_pop_level_95pctile,amr_health_exp_amu,amr_health_exp_feed,amr_health_exp_prod
Average,Breed,760,8548.68013903083,8993.583256750295,8308.253910772642,6496996.905663431,6835123.275130224,6314272.972187208,,,
Average,Nurse,483,42376.531629593155,42376.531629593155,42376.531629593155,20467864.777093492,20467864.777093492,20467864.777093492,,,
Average,Fat,1116,0.0,0.0,0.0,0.0,0.0,0.0,,,
Average,Total,2359,,,,26964861.682756923,27302988.052223716,26782137.7492807,11908618.53420254,15164261.875464201,26964861.682756923
Worse,Breed,760,192320.20092740544,198802.86667517913,188817.9891622712,146163352.70482814,151090178.67313614,143501671.7633261,,,
Worse,Nurse,483,583624.7694883592,583624.7694883592,583624.7694883592,281890763.6628775,281890763.6628775,281890763.6628775,,,
Worse,Fat,1116,0.0,0.0,0.0,0.0,0.0,0.0,,,
Worse,Total,2359,,,,428054116.36770564,432980942.3360137,425392435.4262036,191639979.42879176,244031566.42777866,428054116.36770564
