farm_type,number_of_farms,ahle_at_farm_level_median,ahle_at_farm_level_5pctile,ahle_at_farm_level_95pctile,ahle_at_pop_level_median,ahle_at_pop_level_5pctile,ahle_at_pop_level_95pctile,health_expenditure_at_farm_level,health_expenditure_at_pop_level
Breed,760,4208686.294230067,4555438.378567252,3851860.3610761287,3198601583.614851,3462133167.7111115,2927413874.4178576,575000.0,437000000.0
Nurse,483,693423.4052223827,726209.5738397071,660206.6161807745,334923504.72241086,350759224.1645785,318879795.61531407,147043.7830779944,71022147.2266713
Fat,1116,1076592.5643644766,1158450.4740427942,996180.4778912142,1201477301.830756,1292830729.0317583,1111737413.326595,49813.12196973957,55591444.11822936
Total,2359,,,,4735002390.168017,5105723120.907448,4358031083.359767,,563613591.3449006
